-- SERVER
INSERT INTO SERVER (SERVER_ID, NOM, BRIFUS_ID) VALUES (1, 'Draconiros', 2);
INSERT INTO SERVER (SERVER_ID, NOM, BRIFUS_ID) VALUES (2, 'Hell Mina', 5);
INSERT INTO SERVER (SERVER_ID, NOM, BRIFUS_ID) VALUES (3, 'Imagiro', 6);
INSERT INTO SERVER (SERVER_ID, NOM, BRIFUS_ID) VALUES (4, 'Ombre', 7);
INSERT INTO SERVER (SERVER_ID, NOM, BRIFUS_ID) VALUES (5, 'Orukam', 3);
INSERT INTO SERVER (SERVER_ID, NOM, BRIFUS_ID) VALUES (6, 'Tal Kasha', 4);
INSERT INTO SERVER (SERVER_ID, NOM, BRIFUS_ID) VALUES (7, 'Tylezia', 1);

-- ITEM_TYPE
INSERT INTO ITEM_TYPE (TYPE_ID, NOM) VALUES (1, 'Amulette');
INSERT INTO ITEM_TYPE (TYPE_ID, NOM) VALUES (2, 'Arc');
INSERT INTO ITEM_TYPE (TYPE_ID, NOM) VALUES (3, 'Baguette');
INSERT INTO ITEM_TYPE (TYPE_ID, NOM) VALUES (4, 'Baton');
INSERT INTO ITEM_TYPE (TYPE_ID, NOM) VALUES (5, 'Dague');
INSERT INTO ITEM_TYPE (TYPE_ID, NOM) VALUES (6, 'Epee');
INSERT INTO ITEM_TYPE (TYPE_ID, NOM) VALUES (7, 'Marteau');
INSERT INTO ITEM_TYPE (TYPE_ID, NOM) VALUES (8, 'Pelle');
INSERT INTO ITEM_TYPE (TYPE_ID, NOM) VALUES (9, 'Anneau');
INSERT INTO ITEM_TYPE (TYPE_ID, NOM) VALUES (10, 'Ceinture');
INSERT INTO ITEM_TYPE (TYPE_ID, NOM) VALUES (11, 'Bottes');
INSERT INTO ITEM_TYPE (TYPE_ID, NOM) VALUES (12, 'Potion');
INSERT INTO ITEM_TYPE (TYPE_ID, NOM) VALUES (13, 'Parchemin d''experience');
INSERT INTO ITEM_TYPE (TYPE_ID, NOM) VALUES (14, 'Objet de dons');
INSERT INTO ITEM_TYPE (TYPE_ID, NOM) VALUES (15, 'Ressources diverses');
INSERT INTO ITEM_TYPE (TYPE_ID, NOM) VALUES (16, 'Chapeau');
INSERT INTO ITEM_TYPE (TYPE_ID, NOM) VALUES (17, 'Cape');
INSERT INTO ITEM_TYPE (TYPE_ID, NOM) VALUES (18, 'Familier');
INSERT INTO ITEM_TYPE (TYPE_ID, NOM) VALUES (19, 'Hache');
INSERT INTO ITEM_TYPE (TYPE_ID, NOM) VALUES (20, 'Outil');
INSERT INTO ITEM_TYPE (TYPE_ID, NOM) VALUES (21, 'Pioche');
INSERT INTO ITEM_TYPE (TYPE_ID, NOM) VALUES (22, 'Faux');
INSERT INTO ITEM_TYPE (TYPE_ID, NOM) VALUES (23, 'Dofus');
INSERT INTO ITEM_TYPE (TYPE_ID, NOM) VALUES (24, 'Divers');
INSERT INTO ITEM_TYPE (TYPE_ID, NOM) VALUES (25, 'Document');
INSERT INTO ITEM_TYPE (TYPE_ID, NOM) VALUES (26, 'Potion de forgemagie');
INSERT INTO ITEM_TYPE (TYPE_ID, NOM) VALUES (27, 'Objet de Mutation');
INSERT INTO ITEM_TYPE (TYPE_ID, NOM) VALUES (28, 'Nourriture boost');
INSERT INTO ITEM_TYPE (TYPE_ID, NOM) VALUES (29, 'Benediction');
INSERT INTO ITEM_TYPE (TYPE_ID, NOM) VALUES (30, 'Malediction');
INSERT INTO ITEM_TYPE (TYPE_ID, NOM) VALUES (31, 'Roleplay Buffs');
INSERT INTO ITEM_TYPE (TYPE_ID, NOM) VALUES (32, 'Personnage suiveur');
INSERT INTO ITEM_TYPE (TYPE_ID, NOM) VALUES (33, 'Pain');
INSERT INTO ITEM_TYPE (TYPE_ID, NOM) VALUES (34, 'Cereale');
INSERT INTO ITEM_TYPE (TYPE_ID, NOM) VALUES (35, 'Fleur');
INSERT INTO ITEM_TYPE (TYPE_ID, NOM) VALUES (36, 'Plante');
INSERT INTO ITEM_TYPE (TYPE_ID, NOM) VALUES (37, 'Biere');
INSERT INTO ITEM_TYPE (TYPE_ID, NOM) VALUES (38, 'Bois');
INSERT INTO ITEM_TYPE (TYPE_ID, NOM) VALUES (39, 'Minerai');
INSERT INTO ITEM_TYPE (TYPE_ID, NOM) VALUES (40, 'Alliage');
INSERT INTO ITEM_TYPE (TYPE_ID, NOM) VALUES (41, 'Poisson');
INSERT INTO ITEM_TYPE (TYPE_ID, NOM) VALUES (42, 'Friandise');
INSERT INTO ITEM_TYPE (TYPE_ID, NOM) VALUES (43, 'Potion de teleportation');
INSERT INTO ITEM_TYPE (TYPE_ID, NOM) VALUES (46, 'Fruit');
INSERT INTO ITEM_TYPE (TYPE_ID, NOM) VALUES (47, 'Os');
INSERT INTO ITEM_TYPE (TYPE_ID, NOM) VALUES (48, 'Poudre');
INSERT INTO ITEM_TYPE (TYPE_ID, NOM) VALUES (49, 'Poisson comestible');
INSERT INTO ITEM_TYPE (TYPE_ID, NOM) VALUES (50, 'Pierre precieuse');
INSERT INTO ITEM_TYPE (TYPE_ID, NOM) VALUES (51, 'Pierre brute');
INSERT INTO ITEM_TYPE (TYPE_ID, NOM) VALUES (53, 'Plume');
INSERT INTO ITEM_TYPE (TYPE_ID, NOM) VALUES (54, 'Poil');
INSERT INTO ITEM_TYPE (TYPE_ID, NOM) VALUES (55, 'etoffe');
INSERT INTO ITEM_TYPE (TYPE_ID, NOM) VALUES (56, 'Cuir');
INSERT INTO ITEM_TYPE (TYPE_ID, NOM) VALUES (57, 'Laine');
INSERT INTO ITEM_TYPE (TYPE_ID, NOM) VALUES (58, 'Graine');
INSERT INTO ITEM_TYPE (TYPE_ID, NOM) VALUES (59, 'Peau');
INSERT INTO ITEM_TYPE (TYPE_ID, NOM) VALUES (60, 'Huile');
INSERT INTO ITEM_TYPE (TYPE_ID, NOM) VALUES (61, 'Peluche');
INSERT INTO ITEM_TYPE (TYPE_ID, NOM) VALUES (63, 'Viande');
INSERT INTO ITEM_TYPE (TYPE_ID, NOM) VALUES (65, 'Queue');
INSERT INTO ITEM_TYPE (TYPE_ID, NOM) VALUES (66, 'Metaria');
INSERT INTO ITEM_TYPE (TYPE_ID, NOM) VALUES (68, 'Legume');
INSERT INTO ITEM_TYPE (TYPE_ID, NOM) VALUES (69, 'Viande comestible');
INSERT INTO ITEM_TYPE (TYPE_ID, NOM) VALUES (70, 'Teinture');
INSERT INTO ITEM_TYPE (TYPE_ID, NOM) VALUES (71, 'Materiel d''alchimie');
INSERT INTO ITEM_TYPE (TYPE_ID, NOM) VALUES (74, 'Fee d''artifice');
INSERT INTO ITEM_TYPE (TYPE_ID, NOM) VALUES (75, 'Parchemin de sortilege');
INSERT INTO ITEM_TYPE (TYPE_ID, NOM) VALUES (76, 'Parchemin de caracteristique');
INSERT INTO ITEM_TYPE (TYPE_ID, NOM) VALUES (78, 'Rune de forgemagie');
INSERT INTO ITEM_TYPE (TYPE_ID, NOM) VALUES (79, 'Boisson');
INSERT INTO ITEM_TYPE (TYPE_ID, NOM) VALUES (80, 'Objet de mission');
INSERT INTO ITEM_TYPE (TYPE_ID, NOM) VALUES (82, 'Bouclier');
INSERT INTO ITEM_TYPE (TYPE_ID, NOM) VALUES (83, 'Pierre d''ame');
INSERT INTO ITEM_TYPE (TYPE_ID, NOM) VALUES (84, 'Clef');
INSERT INTO ITEM_TYPE (TYPE_ID, NOM) VALUES (85, 'Pierre d''ame pleine');
INSERT INTO ITEM_TYPE (TYPE_ID, NOM) VALUES (87, 'Parchemin de recherche');
INSERT INTO ITEM_TYPE (TYPE_ID, NOM) VALUES (88, 'Pierre magique');
INSERT INTO ITEM_TYPE (TYPE_ID, NOM) VALUES (89, 'Cadeau');
INSERT INTO ITEM_TYPE (TYPE_ID, NOM) VALUES (93, 'Objet d''elevage');
INSERT INTO ITEM_TYPE (TYPE_ID, NOM) VALUES (94, 'Objet utilisable');
INSERT INTO ITEM_TYPE (TYPE_ID, NOM) VALUES (95, 'Planche');
INSERT INTO ITEM_TYPE (TYPE_ID, NOM) VALUES (96, 'ecorce');
INSERT INTO ITEM_TYPE (TYPE_ID, NOM) VALUES (97, 'Certificat de Dragodinde');
INSERT INTO ITEM_TYPE (TYPE_ID, NOM) VALUES (98, 'Racine');
INSERT INTO ITEM_TYPE (TYPE_ID, NOM) VALUES (99, 'Filet de capture');
INSERT INTO ITEM_TYPE (TYPE_ID, NOM) VALUES (100, 'Sac de ressources');
INSERT INTO ITEM_TYPE (TYPE_ID, NOM) VALUES (103, 'Patte');
INSERT INTO ITEM_TYPE (TYPE_ID, NOM) VALUES (104, 'Aile');
INSERT INTO ITEM_TYPE (TYPE_ID, NOM) VALUES (105, 'Oeuf');
INSERT INTO ITEM_TYPE (TYPE_ID, NOM) VALUES (106, 'Oreille');
INSERT INTO ITEM_TYPE (TYPE_ID, NOM) VALUES (107, 'Carapace');
INSERT INTO ITEM_TYPE (TYPE_ID, NOM) VALUES (108, 'Bourgeon');
INSERT INTO ITEM_TYPE (TYPE_ID, NOM) VALUES (109, 'Oeil');
INSERT INTO ITEM_TYPE (TYPE_ID, NOM) VALUES (110, 'Gelee');
INSERT INTO ITEM_TYPE (TYPE_ID, NOM) VALUES (111, 'Coquille');
INSERT INTO ITEM_TYPE (TYPE_ID, NOM) VALUES (112, 'Prisme');
INSERT INTO ITEM_TYPE (TYPE_ID, NOM) VALUES (113, 'Objet vivant');
INSERT INTO ITEM_TYPE (TYPE_ID, NOM) VALUES (114, 'Arme magique');
INSERT INTO ITEM_TYPE (TYPE_ID, NOM) VALUES (119, 'Champignon');
INSERT INTO ITEM_TYPE (TYPE_ID, NOM) VALUES (121, 'Montilier');
INSERT INTO ITEM_TYPE (TYPE_ID, NOM) VALUES (125, 'Souvenir');
INSERT INTO ITEM_TYPE (TYPE_ID, NOM) VALUES (126, 'Quetes principales');
INSERT INTO ITEM_TYPE (TYPE_ID, NOM) VALUES (129, 'Alignement');
INSERT INTO ITEM_TYPE (TYPE_ID, NOM) VALUES (131, 'evenements');
INSERT INTO ITEM_TYPE (TYPE_ID, NOM) VALUES (132, 'Archipel de Vulkania');
INSERT INTO ITEM_TYPE (TYPE_ID, NOM) VALUES (133, 'Astrub');
INSERT INTO ITEM_TYPE (TYPE_ID, NOM) VALUES (136, 'Camps des Bworks et des Gobelins');
INSERT INTO ITEM_TYPE (TYPE_ID, NOM) VALUES (137, 'Cania');
INSERT INTO ITEM_TYPE (TYPE_ID, NOM) VALUES (139, 'Ile de Frigost');
INSERT INTO ITEM_TYPE (TYPE_ID, NOM) VALUES (140, 'Ile d''Otomai');
INSERT INTO ITEM_TYPE (TYPE_ID, NOM) VALUES (141, 'Ile de Nowel');
INSERT INTO ITEM_TYPE (TYPE_ID, NOM) VALUES (142, 'Incarnam');
INSERT INTO ITEM_TYPE (TYPE_ID, NOM) VALUES (143, 'Montagne des Koalaks');
INSERT INTO ITEM_TYPE (TYPE_ID, NOM) VALUES (144, 'Pandala');
INSERT INTO ITEM_TYPE (TYPE_ID, NOM) VALUES (146, 'Royaume d''Amakna');
INSERT INTO ITEM_TYPE (TYPE_ID, NOM) VALUES (147, 'Krosmoz');
INSERT INTO ITEM_TYPE (TYPE_ID, NOM) VALUES (148, 'Jetons');
INSERT INTO ITEM_TYPE (TYPE_ID, NOM) VALUES (149, 'Ile de Moon');
INSERT INTO ITEM_TYPE (TYPE_ID, NOM) VALUES (150, 'Iles des Wabbits');
INSERT INTO ITEM_TYPE (TYPE_ID, NOM) VALUES (151, 'Trophee');
INSERT INTO ITEM_TYPE (TYPE_ID, NOM) VALUES (152, 'Galet');
INSERT INTO ITEM_TYPE (TYPE_ID, NOM) VALUES (153, 'Nowel');
INSERT INTO ITEM_TYPE (TYPE_ID, NOM) VALUES (154, 'Emballage');
INSERT INTO ITEM_TYPE (TYPE_ID, NOM) VALUES (155, 'Sufokia');
INSERT INTO ITEM_TYPE (TYPE_ID, NOM) VALUES (156, 'Almanax');
INSERT INTO ITEM_TYPE (TYPE_ID, NOM) VALUES (157, 'Figurine');
INSERT INTO ITEM_TYPE (TYPE_ID, NOM) VALUES (164, 'Vetement');
INSERT INTO ITEM_TYPE (TYPE_ID, NOM) VALUES (165, 'Potion de conquete');
INSERT INTO ITEM_TYPE (TYPE_ID, NOM) VALUES (166, 'Mimibiote');
INSERT INTO ITEM_TYPE (TYPE_ID, NOM) VALUES (167, 'Essence de gardien de donjon');
INSERT INTO ITEM_TYPE (TYPE_ID, NOM) VALUES (168, 'Justiciers');
INSERT INTO ITEM_TYPE (TYPE_ID, NOM) VALUES (169, 'Compagnon');
INSERT INTO ITEM_TYPE (TYPE_ID, NOM) VALUES (171, 'Dimensions Divines');
INSERT INTO ITEM_TYPE (TYPE_ID, NOM) VALUES (172, 'Coffre');
INSERT INTO ITEM_TYPE (TYPE_ID, NOM) VALUES (173, 'Parchemin d''attitude');
INSERT INTO ITEM_TYPE (TYPE_ID, NOM) VALUES (174, 'Carte');
INSERT INTO ITEM_TYPE (TYPE_ID, NOM) VALUES (175, 'Fragment de carte');
INSERT INTO ITEM_TYPE (TYPE_ID, NOM) VALUES (176, 'BoIte de fragments');
INSERT INTO ITEM_TYPE (TYPE_ID, NOM) VALUES (179, 'Preparation');
INSERT INTO ITEM_TYPE (TYPE_ID, NOM) VALUES (183, 'Substrat');
INSERT INTO ITEM_TYPE (TYPE_ID, NOM) VALUES (184, 'Conteneur');
INSERT INTO ITEM_TYPE (TYPE_ID, NOM) VALUES (185, 'Seve');
INSERT INTO ITEM_TYPE (TYPE_ID, NOM) VALUES (187, 'Viande primitive');
INSERT INTO ITEM_TYPE (TYPE_ID, NOM) VALUES (188, 'Parchemin d''emoticones');
INSERT INTO ITEM_TYPE (TYPE_ID, NOM) VALUES (189, 'Orbe de forgemagie');
INSERT INTO ITEM_TYPE (TYPE_ID, NOM) VALUES (190, 'Harnachements de Dragodinde');
INSERT INTO ITEM_TYPE (TYPE_ID, NOM) VALUES (195, 'Materiel d''exploration');
INSERT INTO ITEM_TYPE (TYPE_ID, NOM) VALUES (196, 'Certificat de Muldo');
INSERT INTO ITEM_TYPE (TYPE_ID, NOM) VALUES (197, 'Caution');
INSERT INTO ITEM_TYPE (TYPE_ID, NOM) VALUES (198, 'Saharach');
INSERT INTO ITEM_TYPE (TYPE_ID, NOM) VALUES (199, 'Costume');
INSERT INTO ITEM_TYPE (TYPE_ID, NOM) VALUES (200, 'Parchemin de titre');
INSERT INTO ITEM_TYPE (TYPE_ID, NOM) VALUES (201, 'Nimotopia');
INSERT INTO ITEM_TYPE (TYPE_ID, NOM) VALUES (202, 'Sidimote');
INSERT INTO ITEM_TYPE (TYPE_ID, NOM) VALUES (205, 'Tours de la Fratrie');
INSERT INTO ITEM_TYPE (TYPE_ID, NOM) VALUES (206, 'Potion de monture');
INSERT INTO ITEM_TYPE (TYPE_ID, NOM) VALUES (207, 'Certificat de Volkorne');
INSERT INTO ITEM_TYPE (TYPE_ID, NOM) VALUES (209, 'Nourriture pour familier');
INSERT INTO ITEM_TYPE (TYPE_ID, NOM) VALUES (211, 'Rune de transcendance');
INSERT INTO ITEM_TYPE (TYPE_ID, NOM) VALUES (213, 'Ile de Pwak');
INSERT INTO ITEM_TYPE (TYPE_ID, NOM) VALUES (214, 'Potion d''attitude');
INSERT INTO ITEM_TYPE (TYPE_ID, NOM) VALUES (215, 'Archipel des ecailles');
INSERT INTO ITEM_TYPE (TYPE_ID, NOM) VALUES (216, 'Bourse');
INSERT INTO ITEM_TYPE (TYPE_ID, NOM) VALUES (217, 'Prysmaradite');
INSERT INTO ITEM_TYPE (TYPE_ID, NOM) VALUES (218, 'Popoche de Havre-Sac');
INSERT INTO ITEM_TYPE (TYPE_ID, NOM) VALUES (219, 'Ressources des Songes');
INSERT INTO ITEM_TYPE (TYPE_ID, NOM) VALUES (220, 'Eliocalypse');
INSERT INTO ITEM_TYPE (TYPE_ID, NOM) VALUES (222, 'Parchemin d''ornement');
INSERT INTO ITEM_TYPE (TYPE_ID, NOM) VALUES (225, 'Temporis');
INSERT INTO ITEM_TYPE (TYPE_ID, NOM) VALUES (226, 'Objet utilisable de Temporis');
INSERT INTO ITEM_TYPE (TYPE_ID, NOM) VALUES (228, 'Liquide');
INSERT INTO ITEM_TYPE (TYPE_ID, NOM) VALUES (229, 'Ressource de combat');
INSERT INTO ITEM_TYPE (TYPE_ID, NOM) VALUES (231, 'Rabmablague');
INSERT INTO ITEM_TYPE (TYPE_ID, NOM) VALUES (232, 'Haiku');
INSERT INTO ITEM_TYPE (TYPE_ID, NOM) VALUES (233, 'Rune astrale');
INSERT INTO ITEM_TYPE (TYPE_ID, NOM) VALUES (236, 'Mots de haiku');
INSERT INTO ITEM_TYPE (TYPE_ID, NOM) VALUES (241, 'Ressources de Temporis');
INSERT INTO ITEM_TYPE (TYPE_ID, NOM) VALUES (242, 'Atoll des Possedes');
INSERT INTO ITEM_TYPE (TYPE_ID, NOM) VALUES (245, 'Ressources obsoletes');
INSERT INTO ITEM_TYPE (TYPE_ID, NOM) VALUES (246, 'Chapeau d''apparat');
INSERT INTO ITEM_TYPE (TYPE_ID, NOM) VALUES (247, 'Cape d''apparat');
INSERT INTO ITEM_TYPE (TYPE_ID, NOM) VALUES (248, 'Bouclier d''apparat');
INSERT INTO ITEM_TYPE (TYPE_ID, NOM) VALUES (249, 'Familier d''apparat');
INSERT INTO ITEM_TYPE (TYPE_ID, NOM) VALUES (250, 'Montilier d''apparat');
INSERT INTO ITEM_TYPE (TYPE_ID, NOM) VALUES (251, 'Arme d''apparat');
INSERT INTO ITEM_TYPE (TYPE_ID, NOM) VALUES (252, 'Objet d''apparat divers');
INSERT INTO ITEM_TYPE (TYPE_ID, NOM) VALUES (253, 'Cauchemar des Ravageurs');
INSERT INTO ITEM_TYPE (TYPE_ID, NOM) VALUES (254, 'Bonta & Brakmar');
INSERT INTO ITEM_TYPE (TYPE_ID, NOM) VALUES (255, 'Harnachements de Muldo');
INSERT INTO ITEM_TYPE (TYPE_ID, NOM) VALUES (256, 'Harnachements de Volkorne');
INSERT INTO ITEM_TYPE (TYPE_ID, NOM) VALUES (258, 'Gravure de forgemagie');
INSERT INTO ITEM_TYPE (TYPE_ID, NOM) VALUES (259, 'Bouataklone');
INSERT INTO ITEM_TYPE (TYPE_ID, NOM) VALUES (260, 'Foret Malefique');
INSERT INTO ITEM_TYPE (TYPE_ID, NOM) VALUES (262, 'Materiel de megalteration');
INSERT INTO ITEM_TYPE (TYPE_ID, NOM) VALUES (265, 'Badge');
INSERT INTO ITEM_TYPE (TYPE_ID, NOM) VALUES (266, 'Ressources des Anomalies Temporelles');
INSERT INTO ITEM_TYPE (TYPE_ID, NOM) VALUES (268, 'Expeditions');
INSERT INTO ITEM_TYPE (TYPE_ID, NOM) VALUES (271, 'Lance');
INSERT INTO ITEM_TYPE (TYPE_ID, NOM) VALUES (272, 'Archipel de Valonia');
INSERT INTO ITEM_TYPE (TYPE_ID, NOM) VALUES (273, 'Fers de Percepteur');
INSERT INTO ITEM_TYPE (TYPE_ID, NOM) VALUES (274, 'Cuirasses de Percepteur');
INSERT INTO ITEM_TYPE (TYPE_ID, NOM) VALUES (275, 'Banniere de Percepteur');
INSERT INTO ITEM_TYPE (TYPE_ID, NOM) VALUES (276, 'Poignards de Percepteur');
INSERT INTO ITEM_TYPE (TYPE_ID, NOM) VALUES (277, 'Tunique de Percepteur');
INSERT INTO ITEM_TYPE (TYPE_ID, NOM) VALUES (278, 'Ressources de Percepteur');
INSERT INTO ITEM_TYPE (TYPE_ID, NOM) VALUES (279, 'Coffres de Percepteur');
INSERT INTO ITEM_TYPE (TYPE_ID, NOM) VALUES (280, 'Sacoches de Percepteur');

-- METIER
INSERT INTO METIER (METIER_ID, METIER_LABEL) VALUES (1, 'Alchimiste');
INSERT INTO METIER (METIER_ID, METIER_LABEL) VALUES (2, 'Bijoutier');
INSERT INTO METIER (METIER_ID, METIER_LABEL) VALUES (3, 'Bricoleur');
INSERT INTO METIER (METIER_ID, METIER_LABEL) VALUES (4, 'Bucheron');
INSERT INTO METIER (METIER_ID, METIER_LABEL) VALUES (5, 'Chasseur');
INSERT INTO METIER (METIER_ID, METIER_LABEL) VALUES (6, 'Cordonnier');
INSERT INTO METIER (METIER_ID, METIER_LABEL) VALUES (7, 'Faconneur');
INSERT INTO METIER (METIER_ID, METIER_LABEL) VALUES (8, 'Forgeron');
INSERT INTO METIER (METIER_ID, METIER_LABEL) VALUES (9, 'Mineur');
INSERT INTO METIER (METIER_ID, METIER_LABEL) VALUES (10, 'Paysan');
INSERT INTO METIER (METIER_ID, METIER_LABEL) VALUES (11, 'Pecheur');
INSERT INTO METIER (METIER_ID, METIER_LABEL) VALUES (12, 'Sculpteur');
INSERT INTO METIER (METIER_ID, METIER_LABEL) VALUES (13, 'Tailleur');

-- METIER_PEUT_CRAFT
INSERT INTO METIER_PEUT_CRAFT (METIER_ID, TYPE_ID) VALUES (1, 167);
INSERT INTO METIER_PEUT_CRAFT (METIER_ID, TYPE_ID) VALUES (1, 71);
INSERT INTO METIER_PEUT_CRAFT (METIER_ID, TYPE_ID) VALUES (1, 12);
INSERT INTO METIER_PEUT_CRAFT (METIER_ID, TYPE_ID) VALUES (1, 165);
INSERT INTO METIER_PEUT_CRAFT (METIER_ID, TYPE_ID) VALUES (1, 26);
INSERT INTO METIER_PEUT_CRAFT (METIER_ID, TYPE_ID) VALUES (1, 43);
INSERT INTO METIER_PEUT_CRAFT (METIER_ID, TYPE_ID) VALUES (1, 179);
INSERT INTO METIER_PEUT_CRAFT (METIER_ID, TYPE_ID) VALUES (1, 70);
INSERT INTO METIER_PEUT_CRAFT (METIER_ID, TYPE_ID) VALUES (2, 1);
INSERT INTO METIER_PEUT_CRAFT (METIER_ID, TYPE_ID) VALUES (2, 9);
INSERT INTO METIER_PEUT_CRAFT (METIER_ID, TYPE_ID) VALUES (3, 84);
INSERT INTO METIER_PEUT_CRAFT (METIER_ID, TYPE_ID) VALUES (3, 99);
INSERT INTO METIER_PEUT_CRAFT (METIER_ID, TYPE_ID) VALUES (3, 93);
INSERT INTO METIER_PEUT_CRAFT (METIER_ID, TYPE_ID) VALUES (3, 87);
INSERT INTO METIER_PEUT_CRAFT (METIER_ID, TYPE_ID) VALUES (3, 112);
INSERT INTO METIER_PEUT_CRAFT (METIER_ID, TYPE_ID) VALUES (4, 95);
INSERT INTO METIER_PEUT_CRAFT (METIER_ID, TYPE_ID) VALUES (4, 183);
INSERT INTO METIER_PEUT_CRAFT (METIER_ID, TYPE_ID) VALUES (5, 69);
INSERT INTO METIER_PEUT_CRAFT (METIER_ID, TYPE_ID) VALUES (6, 11);
INSERT INTO METIER_PEUT_CRAFT (METIER_ID, TYPE_ID) VALUES (6, 10);
INSERT INTO METIER_PEUT_CRAFT (METIER_ID, TYPE_ID) VALUES (7, 82);
INSERT INTO METIER_PEUT_CRAFT (METIER_ID, TYPE_ID) VALUES (7, 151);
INSERT INTO METIER_PEUT_CRAFT (METIER_ID, TYPE_ID) VALUES (8, 5);
INSERT INTO METIER_PEUT_CRAFT (METIER_ID, TYPE_ID) VALUES (8, 22);
INSERT INTO METIER_PEUT_CRAFT (METIER_ID, TYPE_ID) VALUES (8, 19);
INSERT INTO METIER_PEUT_CRAFT (METIER_ID, TYPE_ID) VALUES (8, 7);
INSERT INTO METIER_PEUT_CRAFT (METIER_ID, TYPE_ID) VALUES (8, 8);
INSERT INTO METIER_PEUT_CRAFT (METIER_ID, TYPE_ID) VALUES (8, 21);
INSERT INTO METIER_PEUT_CRAFT (METIER_ID, TYPE_ID) VALUES (8, 6);
INSERT INTO METIER_PEUT_CRAFT (METIER_ID, TYPE_ID) VALUES (9, 40);
INSERT INTO METIER_PEUT_CRAFT (METIER_ID, TYPE_ID) VALUES (9, 50);
INSERT INTO METIER_PEUT_CRAFT (METIER_ID, TYPE_ID) VALUES (9, 83);
INSERT INTO METIER_PEUT_CRAFT (METIER_ID, TYPE_ID) VALUES (9, 189);
INSERT INTO METIER_PEUT_CRAFT (METIER_ID, TYPE_ID) VALUES (10, 42);
INSERT INTO METIER_PEUT_CRAFT (METIER_ID, TYPE_ID) VALUES (10, 33);
INSERT INTO METIER_PEUT_CRAFT (METIER_ID, TYPE_ID) VALUES (10, 60);
INSERT INTO METIER_PEUT_CRAFT (METIER_ID, TYPE_ID) VALUES (11, 49);
INSERT INTO METIER_PEUT_CRAFT (METIER_ID, TYPE_ID) VALUES (12, 2);
INSERT INTO METIER_PEUT_CRAFT (METIER_ID, TYPE_ID) VALUES (12, 3);
INSERT INTO METIER_PEUT_CRAFT (METIER_ID, TYPE_ID) VALUES (12, 4);
INSERT INTO METIER_PEUT_CRAFT (METIER_ID, TYPE_ID) VALUES (13, 17);
INSERT INTO METIER_PEUT_CRAFT (METIER_ID, TYPE_ID) VALUES (13, 16);



-- NIVEAU_METIER (Tout a 0)
INSERT INTO NIVEAU_METIER (METIER_ID, SERVER_ID, NIVEAU) VALUES (1, 1, 0);
INSERT INTO NIVEAU_METIER (METIER_ID, SERVER_ID, NIVEAU) VALUES (2, 1, 0);
INSERT INTO NIVEAU_METIER (METIER_ID, SERVER_ID, NIVEAU) VALUES (3, 1, 0);
INSERT INTO NIVEAU_METIER (METIER_ID, SERVER_ID, NIVEAU) VALUES (4, 1, 0);
INSERT INTO NIVEAU_METIER (METIER_ID, SERVER_ID, NIVEAU) VALUES (5, 1, 0);
INSERT INTO NIVEAU_METIER (METIER_ID, SERVER_ID, NIVEAU) VALUES (6, 1, 0);
INSERT INTO NIVEAU_METIER (METIER_ID, SERVER_ID, NIVEAU) VALUES (7, 1, 0);
INSERT INTO NIVEAU_METIER (METIER_ID, SERVER_ID, NIVEAU) VALUES (8, 1, 0);
INSERT INTO NIVEAU_METIER (METIER_ID, SERVER_ID, NIVEAU) VALUES (9, 1, 0);
INSERT INTO NIVEAU_METIER (METIER_ID, SERVER_ID, NIVEAU) VALUES (10, 1, 0);
INSERT INTO NIVEAU_METIER (METIER_ID, SERVER_ID, NIVEAU) VALUES (11, 1, 0);
INSERT INTO NIVEAU_METIER (METIER_ID, SERVER_ID, NIVEAU) VALUES (12, 1, 0);
INSERT INTO NIVEAU_METIER (METIER_ID, SERVER_ID, NIVEAU) VALUES (13, 1, 0);
INSERT INTO NIVEAU_METIER (METIER_ID, SERVER_ID, NIVEAU) VALUES (1, 2, 0);
INSERT INTO NIVEAU_METIER (METIER_ID, SERVER_ID, NIVEAU) VALUES (2, 2, 0);
INSERT INTO NIVEAU_METIER (METIER_ID, SERVER_ID, NIVEAU) VALUES (3, 2, 0);
INSERT INTO NIVEAU_METIER (METIER_ID, SERVER_ID, NIVEAU) VALUES (4, 2, 0);
INSERT INTO NIVEAU_METIER (METIER_ID, SERVER_ID, NIVEAU) VALUES (5, 2, 0);
INSERT INTO NIVEAU_METIER (METIER_ID, SERVER_ID, NIVEAU) VALUES (6, 2, 0);
INSERT INTO NIVEAU_METIER (METIER_ID, SERVER_ID, NIVEAU) VALUES (7, 2, 0);
INSERT INTO NIVEAU_METIER (METIER_ID, SERVER_ID, NIVEAU) VALUES (8, 2, 0);
INSERT INTO NIVEAU_METIER (METIER_ID, SERVER_ID, NIVEAU) VALUES (9, 2, 0);
INSERT INTO NIVEAU_METIER (METIER_ID, SERVER_ID, NIVEAU) VALUES (10, 2, 0);
INSERT INTO NIVEAU_METIER (METIER_ID, SERVER_ID, NIVEAU) VALUES (11, 2, 0);
INSERT INTO NIVEAU_METIER (METIER_ID, SERVER_ID, NIVEAU) VALUES (12, 2, 0);
INSERT INTO NIVEAU_METIER (METIER_ID, SERVER_ID, NIVEAU) VALUES (13, 2, 0);
INSERT INTO NIVEAU_METIER (METIER_ID, SERVER_ID, NIVEAU) VALUES (1, 3, 0);
INSERT INTO NIVEAU_METIER (METIER_ID, SERVER_ID, NIVEAU) VALUES (2, 3, 0);
INSERT INTO NIVEAU_METIER (METIER_ID, SERVER_ID, NIVEAU) VALUES (3, 3, 0);
INSERT INTO NIVEAU_METIER (METIER_ID, SERVER_ID, NIVEAU) VALUES (4, 3, 0);
INSERT INTO NIVEAU_METIER (METIER_ID, SERVER_ID, NIVEAU) VALUES (5, 3, 0);
INSERT INTO NIVEAU_METIER (METIER_ID, SERVER_ID, NIVEAU) VALUES (6, 3, 0);
INSERT INTO NIVEAU_METIER (METIER_ID, SERVER_ID, NIVEAU) VALUES (7, 3, 0);
INSERT INTO NIVEAU_METIER (METIER_ID, SERVER_ID, NIVEAU) VALUES (8, 3, 0);
INSERT INTO NIVEAU_METIER (METIER_ID, SERVER_ID, NIVEAU) VALUES (9, 3, 0);
INSERT INTO NIVEAU_METIER (METIER_ID, SERVER_ID, NIVEAU) VALUES (10, 3, 0);
INSERT INTO NIVEAU_METIER (METIER_ID, SERVER_ID, NIVEAU) VALUES (11, 3, 0);
INSERT INTO NIVEAU_METIER (METIER_ID, SERVER_ID, NIVEAU) VALUES (12, 3, 0);
INSERT INTO NIVEAU_METIER (METIER_ID, SERVER_ID, NIVEAU) VALUES (13, 3, 0);
INSERT INTO NIVEAU_METIER (METIER_ID, SERVER_ID, NIVEAU) VALUES (1, 4, 0);
INSERT INTO NIVEAU_METIER (METIER_ID, SERVER_ID, NIVEAU) VALUES (2, 4, 0);
INSERT INTO NIVEAU_METIER (METIER_ID, SERVER_ID, NIVEAU) VALUES (3, 4, 0);
INSERT INTO NIVEAU_METIER (METIER_ID, SERVER_ID, NIVEAU) VALUES (4, 4, 0);
INSERT INTO NIVEAU_METIER (METIER_ID, SERVER_ID, NIVEAU) VALUES (5, 4, 0);
INSERT INTO NIVEAU_METIER (METIER_ID, SERVER_ID, NIVEAU) VALUES (6, 4, 0);
INSERT INTO NIVEAU_METIER (METIER_ID, SERVER_ID, NIVEAU) VALUES (7, 4, 0);
INSERT INTO NIVEAU_METIER (METIER_ID, SERVER_ID, NIVEAU) VALUES (8, 4, 0);
INSERT INTO NIVEAU_METIER (METIER_ID, SERVER_ID, NIVEAU) VALUES (9, 4, 0);
INSERT INTO NIVEAU_METIER (METIER_ID, SERVER_ID, NIVEAU) VALUES (10, 4, 0);
INSERT INTO NIVEAU_METIER (METIER_ID, SERVER_ID, NIVEAU) VALUES (11, 4, 0);
INSERT INTO NIVEAU_METIER (METIER_ID, SERVER_ID, NIVEAU) VALUES (12, 4, 0);
INSERT INTO NIVEAU_METIER (METIER_ID, SERVER_ID, NIVEAU) VALUES (13, 4, 0);
INSERT INTO NIVEAU_METIER (METIER_ID, SERVER_ID, NIVEAU) VALUES (1, 5, 0);
INSERT INTO NIVEAU_METIER (METIER_ID, SERVER_ID, NIVEAU) VALUES (2, 5, 0);
INSERT INTO NIVEAU_METIER (METIER_ID, SERVER_ID, NIVEAU) VALUES (3, 5, 0);
INSERT INTO NIVEAU_METIER (METIER_ID, SERVER_ID, NIVEAU) VALUES (4, 5, 0);
INSERT INTO NIVEAU_METIER (METIER_ID, SERVER_ID, NIVEAU) VALUES (5, 5, 0);
INSERT INTO NIVEAU_METIER (METIER_ID, SERVER_ID, NIVEAU) VALUES (6, 5, 0);
INSERT INTO NIVEAU_METIER (METIER_ID, SERVER_ID, NIVEAU) VALUES (7, 5, 0);
INSERT INTO NIVEAU_METIER (METIER_ID, SERVER_ID, NIVEAU) VALUES (8, 5, 0);
INSERT INTO NIVEAU_METIER (METIER_ID, SERVER_ID, NIVEAU) VALUES (9, 5, 0);
INSERT INTO NIVEAU_METIER (METIER_ID, SERVER_ID, NIVEAU) VALUES (10, 5, 0);
INSERT INTO NIVEAU_METIER (METIER_ID, SERVER_ID, NIVEAU) VALUES (11, 5, 0);
INSERT INTO NIVEAU_METIER (METIER_ID, SERVER_ID, NIVEAU) VALUES (12, 5, 0);
INSERT INTO NIVEAU_METIER (METIER_ID, SERVER_ID, NIVEAU) VALUES (13, 5, 0);
INSERT INTO NIVEAU_METIER (METIER_ID, SERVER_ID, NIVEAU) VALUES (1, 6, 0);
INSERT INTO NIVEAU_METIER (METIER_ID, SERVER_ID, NIVEAU) VALUES (2, 6, 0);
INSERT INTO NIVEAU_METIER (METIER_ID, SERVER_ID, NIVEAU) VALUES (3, 6, 0);
INSERT INTO NIVEAU_METIER (METIER_ID, SERVER_ID, NIVEAU) VALUES (4, 6, 0);
INSERT INTO NIVEAU_METIER (METIER_ID, SERVER_ID, NIVEAU) VALUES (5, 6, 0);
INSERT INTO NIVEAU_METIER (METIER_ID, SERVER_ID, NIVEAU) VALUES (6, 6, 0);
INSERT INTO NIVEAU_METIER (METIER_ID, SERVER_ID, NIVEAU) VALUES (7, 6, 0);
INSERT INTO NIVEAU_METIER (METIER_ID, SERVER_ID, NIVEAU) VALUES (8, 6, 0);
INSERT INTO NIVEAU_METIER (METIER_ID, SERVER_ID, NIVEAU) VALUES (9, 6, 0);
INSERT INTO NIVEAU_METIER (METIER_ID, SERVER_ID, NIVEAU) VALUES (10, 6, 0);
INSERT INTO NIVEAU_METIER (METIER_ID, SERVER_ID, NIVEAU) VALUES (11, 6, 0);
INSERT INTO NIVEAU_METIER (METIER_ID, SERVER_ID, NIVEAU) VALUES (12, 6, 0);
INSERT INTO NIVEAU_METIER (METIER_ID, SERVER_ID, NIVEAU) VALUES (13, 6, 0);
INSERT INTO NIVEAU_METIER (METIER_ID, SERVER_ID, NIVEAU) VALUES (1, 7, 0);
INSERT INTO NIVEAU_METIER (METIER_ID, SERVER_ID, NIVEAU) VALUES (2, 7, 0);
INSERT INTO NIVEAU_METIER (METIER_ID, SERVER_ID, NIVEAU) VALUES (3, 7, 0);
INSERT INTO NIVEAU_METIER (METIER_ID, SERVER_ID, NIVEAU) VALUES (4, 7, 0);
INSERT INTO NIVEAU_METIER (METIER_ID, SERVER_ID, NIVEAU) VALUES (5, 7, 0);
INSERT INTO NIVEAU_METIER (METIER_ID, SERVER_ID, NIVEAU) VALUES (6, 7, 0);
INSERT INTO NIVEAU_METIER (METIER_ID, SERVER_ID, NIVEAU) VALUES (7, 7, 0);
INSERT INTO NIVEAU_METIER (METIER_ID, SERVER_ID, NIVEAU) VALUES (8, 7, 0);
INSERT INTO NIVEAU_METIER (METIER_ID, SERVER_ID, NIVEAU) VALUES (9, 7, 0);
INSERT INTO NIVEAU_METIER (METIER_ID, SERVER_ID, NIVEAU) VALUES (10, 7, 0);
INSERT INTO NIVEAU_METIER (METIER_ID, SERVER_ID, NIVEAU) VALUES (11, 7, 0);
INSERT INTO NIVEAU_METIER (METIER_ID, SERVER_ID, NIVEAU) VALUES (12, 7, 0);
INSERT INTO NIVEAU_METIER (METIER_ID, SERVER_ID, NIVEAU) VALUES (13, 7, 0);

-- STAT
INSERT INTO STAT (STAT_ID, STAT_NAME) VALUES (-999, 'NONE');
INSERT INTO STAT (STAT_ID, STAT_NAME) VALUES (44, 'INITIATIVE');
INSERT INTO STAT (STAT_ID, STAT_NAME) VALUES (11, 'VITALITE');
INSERT INTO STAT (STAT_ID, STAT_NAME) VALUES (40, 'PODS');
INSERT INTO STAT (STAT_ID, STAT_NAME) VALUES (14, 'AGILITE');
INSERT INTO STAT (STAT_ID, STAT_NAME) VALUES (13, 'CHANCE');
INSERT INTO STAT (STAT_ID, STAT_NAME) VALUES (15, 'INTELLIGENCE');
INSERT INTO STAT (STAT_ID, STAT_NAME) VALUES (10, 'FORCE');
INSERT INTO STAT (STAT_ID, STAT_NAME) VALUES (85, 'RESISTANCE_POUSSEE');
INSERT INTO STAT (STAT_ID, STAT_NAME) VALUES (87, 'RESISTANCE_CRITIQUE');
INSERT INTO STAT (STAT_ID, STAT_NAME) VALUES (54, 'RESISTANCE_FIXE_TERRE');
INSERT INTO STAT (STAT_ID, STAT_NAME) VALUES (56, 'RESISTANCE_FIXE_EAU');
INSERT INTO STAT (STAT_ID, STAT_NAME) VALUES (58, 'RESISTANCE_FIXE_NEUTRE');
INSERT INTO STAT (STAT_ID, STAT_NAME) VALUES (55, 'RESISTANCE_FIXE_FEU');
INSERT INTO STAT (STAT_ID, STAT_NAME) VALUES (57, 'RESISTANCE_FIXE_AIR');
INSERT INTO STAT (STAT_ID, STAT_NAME) VALUES (25, 'PUISSANCE');
INSERT INTO STAT (STAT_ID, STAT_NAME) VALUES (69, 'PUISSANCE_PIEGES');
INSERT INTO STAT (STAT_ID, STAT_NAME) VALUES (12, 'SAGESSE');
INSERT INTO STAT (STAT_ID, STAT_NAME) VALUES (48, 'PROSPECTION');
INSERT INTO STAT (STAT_ID, STAT_NAME) VALUES (78, 'FUITE');
INSERT INTO STAT (STAT_ID, STAT_NAME) VALUES (79, 'TACLE');
INSERT INTO STAT (STAT_ID, STAT_NAME) VALUES (0, 'ARME_CHASSE');
INSERT INTO STAT (STAT_ID, STAT_NAME) VALUES (70, 'DOMMAGES_PIEGES');
INSERT INTO STAT (STAT_ID, STAT_NAME) VALUES (84, 'DOMMAGES_POUSSEE');
INSERT INTO STAT (STAT_ID, STAT_NAME) VALUES (86, 'DOMMAGES_CRITIQUES');
INSERT INTO STAT (STAT_ID, STAT_NAME) VALUES (88, 'DOMMAGES_FIXE_TERRE');
INSERT INTO STAT (STAT_ID, STAT_NAME) VALUES (90, 'DOMMAGES_FIXE_EAU');
INSERT INTO STAT (STAT_ID, STAT_NAME) VALUES (92, 'DOMMAGES_FIXE_NEUTRE');
INSERT INTO STAT (STAT_ID, STAT_NAME) VALUES (89, 'DOMMAGES_FIXE_FEU');
INSERT INTO STAT (STAT_ID, STAT_NAME) VALUES (91, 'DOMMAGES_FIXE_AIR');
INSERT INTO STAT (STAT_ID, STAT_NAME) VALUES (33, 'RESISTANCE_POURCENTAGE_TERRE');
INSERT INTO STAT (STAT_ID, STAT_NAME) VALUES (35, 'RESISTANCE_POURCENTAGE_EAU');
INSERT INTO STAT (STAT_ID, STAT_NAME) VALUES (37, 'RESISTANCE_POURCENTAGE_NEUTRE');
INSERT INTO STAT (STAT_ID, STAT_NAME) VALUES (34, 'RESISTANCE_POURCENTAGE_FEU');
INSERT INTO STAT (STAT_ID, STAT_NAME) VALUES (36, 'RESISTANCE_POURCENTAGE_AIR');
INSERT INTO STAT (STAT_ID, STAT_NAME) VALUES (27, 'ESQUIVE_PA');
INSERT INTO STAT (STAT_ID, STAT_NAME) VALUES (28, 'ESQUIVE_PM');
INSERT INTO STAT (STAT_ID, STAT_NAME) VALUES (82, 'RETRAIT_PA');
INSERT INTO STAT (STAT_ID, STAT_NAME) VALUES (83, 'RETRAIT_PM');
INSERT INTO STAT (STAT_ID, STAT_NAME) VALUES (50, 'DOMMAGES_RENVOI');
INSERT INTO STAT (STAT_ID, STAT_NAME) VALUES (18, 'POURCENTAGE_CRIT');
INSERT INTO STAT (STAT_ID, STAT_NAME) VALUES (49, 'SOIN');
INSERT INTO STAT (STAT_ID, STAT_NAME) VALUES (124, 'RESISTANCE_POURCENTAGE_MELEE');
INSERT INTO STAT (STAT_ID, STAT_NAME) VALUES (142, 'RESISTANCE_POURCENTAGE_ARMES');
INSERT INTO STAT (STAT_ID, STAT_NAME) VALUES (121, 'RESISTANCE_POURCENTAGE_DISTANTS');
INSERT INTO STAT (STAT_ID, STAT_NAME) VALUES (-99, 'RESISTANCE_POURCENTAGE_SORTS');
INSERT INTO STAT (STAT_ID, STAT_NAME) VALUES (125, 'DOMMAGES_MELEE');
INSERT INTO STAT (STAT_ID, STAT_NAME) VALUES (122, 'DOMMAGES_ARMES');
INSERT INTO STAT (STAT_ID, STAT_NAME) VALUES (120, 'DOMMAGES_A_DISTANCE');
INSERT INTO STAT (STAT_ID, STAT_NAME) VALUES (123, 'DOMMAGES_SORTS');
INSERT INTO STAT (STAT_ID, STAT_NAME) VALUES (16, 'DOMMAGES');
INSERT INTO STAT (STAT_ID, STAT_NAME) VALUES (26, 'INVOCATION');
INSERT INTO STAT (STAT_ID, STAT_NAME) VALUES (19, 'PORTEE');
INSERT INTO STAT (STAT_ID, STAT_NAME) VALUES (23, 'PM');
INSERT INTO STAT (STAT_ID, STAT_NAME) VALUES (1, 'PA');