-- SERVER
INSERT INTO SERVER (SERVER_ID, NOM, BRIFUS_ID) VALUES (1, "Draconiros", 2);
INSERT INTO SERVER (SERVER_ID, NOM, BRIFUS_ID) VALUES (2, "Hell Mina", 5);
INSERT INTO SERVER (SERVER_ID, NOM, BRIFUS_ID) VALUES (3, "Imagiro", 6);
INSERT INTO SERVER (SERVER_ID, NOM, BRIFUS_ID) VALUES (4, "Ombre", 7);
INSERT INTO SERVER (SERVER_ID, NOM, BRIFUS_ID) VALUES (5, "Orukam", 3);
INSERT INTO SERVER (SERVER_ID, NOM, BRIFUS_ID) VALUES (6, "Tal Kasha", 4);
INSERT INTO SERVER (SERVER_ID, NOM, BRIFUS_ID) VALUES (7, "Tylezia", 1);

-- ITEM_TYPE

INSERT INTO ITEM_TYPE (TYPE_ID, NOM) VALUES (1, 'Amulette');
INSERT INTO ITEM_TYPE (TYPE_ID, NOM) VALUES (2, 'Arc');
INSERT INTO ITEM_TYPE (TYPE_ID, NOM) VALUES (3, 'Baguette');
INSERT INTO ITEM_TYPE (TYPE_ID, NOM) VALUES (4, 'Bâton');
INSERT INTO ITEM_TYPE (TYPE_ID, NOM) VALUES (5, 'Dague');
INSERT INTO ITEM_TYPE (TYPE_ID, NOM) VALUES (6, 'Épée');
INSERT INTO ITEM_TYPE (TYPE_ID, NOM) VALUES (7, 'Marteau');
INSERT INTO ITEM_TYPE (TYPE_ID, NOM) VALUES (8, 'Pelle');
INSERT INTO ITEM_TYPE (TYPE_ID, NOM) VALUES (9, 'Anneau');
INSERT INTO ITEM_TYPE (TYPE_ID, NOM) VALUES (10, 'Ceinture');
INSERT INTO ITEM_TYPE (TYPE_ID, NOM) VALUES (11, 'Bottes');
INSERT INTO ITEM_TYPE (TYPE_ID, NOM) VALUES (12, 'Potion');
INSERT INTO ITEM_TYPE (TYPE_ID, NOM) VALUES (13, 'Parchemin d\'expérience');
INSERT INTO ITEM_TYPE (TYPE_ID, NOM) VALUES (14, 'Objet de dons');
INSERT INTO ITEM_TYPE (TYPE_ID, NOM) VALUES (15, 'Ressources diverses');
INSERT INTO ITEM_TYPE (TYPE_ID, NOM) VALUES (16, 'Chapeau');
INSERT INTO ITEM_TYPE (TYPE_ID, NOM) VALUES (17, 'Cape');
INSERT INTO ITEM_TYPE (TYPE_ID, NOM) VALUES (18, 'Familier');
INSERT INTO ITEM_TYPE (TYPE_ID, NOM) VALUES (19, 'Hache');
INSERT INTO ITEM_TYPE (TYPE_ID, NOM) VALUES (20, 'Outil');
INSERT INTO ITEM_TYPE (TYPE_ID, NOM) VALUES (21, 'Pioche');
INSERT INTO ITEM_TYPE (TYPE_ID, NOM) VALUES (22, 'Faux');
INSERT INTO ITEM_TYPE (TYPE_ID, NOM) VALUES (23, 'Dofus');
INSERT INTO ITEM_TYPE (TYPE_ID, NOM) VALUES (24, 'Divers');
INSERT INTO ITEM_TYPE (TYPE_ID, NOM) VALUES (25, 'Document');
INSERT INTO ITEM_TYPE (TYPE_ID, NOM) VALUES (26, 'Potion de forgemagie');
INSERT INTO ITEM_TYPE (TYPE_ID, NOM) VALUES (27, 'Objet de Mutation');
INSERT INTO ITEM_TYPE (TYPE_ID, NOM) VALUES (28, 'Nourriture boost');
INSERT INTO ITEM_TYPE (TYPE_ID, NOM) VALUES (29, 'Bénédiction');
INSERT INTO ITEM_TYPE (TYPE_ID, NOM) VALUES (30, 'Malédiction');
INSERT INTO ITEM_TYPE (TYPE_ID, NOM) VALUES (31, 'Roleplay Buffs');
INSERT INTO ITEM_TYPE (TYPE_ID, NOM) VALUES (32, 'Personnage suiveur');
INSERT INTO ITEM_TYPE (TYPE_ID, NOM) VALUES (33, 'Pain');
INSERT INTO ITEM_TYPE (TYPE_ID, NOM) VALUES (34, 'Céréale');
INSERT INTO ITEM_TYPE (TYPE_ID, NOM) VALUES (35, 'Fleur');
INSERT INTO ITEM_TYPE (TYPE_ID, NOM) VALUES (36, 'Plante');
INSERT INTO ITEM_TYPE (TYPE_ID, NOM) VALUES (37, 'Bière');
INSERT INTO ITEM_TYPE (TYPE_ID, NOM) VALUES (38, 'Bois');
INSERT INTO ITEM_TYPE (TYPE_ID, NOM) VALUES (39, 'Minerai');
INSERT INTO ITEM_TYPE (TYPE_ID, NOM) VALUES (40, 'Alliage');
INSERT INTO ITEM_TYPE (TYPE_ID, NOM) VALUES (41, 'Poisson');
INSERT INTO ITEM_TYPE (TYPE_ID, NOM) VALUES (42, 'Friandise');
INSERT INTO ITEM_TYPE (TYPE_ID, NOM) VALUES (43, 'Potion de téléportation');
INSERT INTO ITEM_TYPE (TYPE_ID, NOM) VALUES (46, 'Fruit');
INSERT INTO ITEM_TYPE (TYPE_ID, NOM) VALUES (47, 'Os');
INSERT INTO ITEM_TYPE (TYPE_ID, NOM) VALUES (48, 'Poudre');
INSERT INTO ITEM_TYPE (TYPE_ID, NOM) VALUES (49, 'Poisson comestible');
INSERT INTO ITEM_TYPE (TYPE_ID, NOM) VALUES (50, 'Pierre précieuse');
INSERT INTO ITEM_TYPE (TYPE_ID, NOM) VALUES (51, 'Pierre brute');
INSERT INTO ITEM_TYPE (TYPE_ID, NOM) VALUES (53, 'Plume');
INSERT INTO ITEM_TYPE (TYPE_ID, NOM) VALUES (54, 'Poil');
INSERT INTO ITEM_TYPE (TYPE_ID, NOM) VALUES (55, 'Étoffe');
INSERT INTO ITEM_TYPE (TYPE_ID, NOM) VALUES (56, 'Cuir');
INSERT INTO ITEM_TYPE (TYPE_ID, NOM) VALUES (57, 'Laine');
INSERT INTO ITEM_TYPE (TYPE_ID, NOM) VALUES (58, 'Graine');
INSERT INTO ITEM_TYPE (TYPE_ID, NOM) VALUES (59, 'Peau');
INSERT INTO ITEM_TYPE (TYPE_ID, NOM) VALUES (60, 'Huile');
INSERT INTO ITEM_TYPE (TYPE_ID, NOM) VALUES (61, 'Peluche');
INSERT INTO ITEM_TYPE (TYPE_ID, NOM) VALUES (63, 'Viande');
INSERT INTO ITEM_TYPE (TYPE_ID, NOM) VALUES (65, 'Queue');
INSERT INTO ITEM_TYPE (TYPE_ID, NOM) VALUES (66, 'Métaria');
INSERT INTO ITEM_TYPE (TYPE_ID, NOM) VALUES (68, 'Légume');
INSERT INTO ITEM_TYPE (TYPE_ID, NOM) VALUES (69, 'Viande comestible');
INSERT INTO ITEM_TYPE (TYPE_ID, NOM) VALUES (70, 'Teinture');
INSERT INTO ITEM_TYPE (TYPE_ID, NOM) VALUES (71, 'Matériel d\'alchimie');
INSERT INTO ITEM_TYPE (TYPE_ID, NOM) VALUES (74, 'Fée d\'artifice');
INSERT INTO ITEM_TYPE (TYPE_ID, NOM) VALUES (75, 'Parchemin de sortilège');
INSERT INTO ITEM_TYPE (TYPE_ID, NOM) VALUES (76, 'Parchemin de caractéristique');
INSERT INTO ITEM_TYPE (TYPE_ID, NOM) VALUES (78, 'Rune de forgemagie');
INSERT INTO ITEM_TYPE (TYPE_ID, NOM) VALUES (79, 'Boisson');
INSERT INTO ITEM_TYPE (TYPE_ID, NOM) VALUES (80, 'Objet de mission');
INSERT INTO ITEM_TYPE (TYPE_ID, NOM) VALUES (82, 'Bouclier');
INSERT INTO ITEM_TYPE (TYPE_ID, NOM) VALUES (83, 'Pierre d\'âme');
INSERT INTO ITEM_TYPE (TYPE_ID, NOM) VALUES (84, 'Clef');
INSERT INTO ITEM_TYPE (TYPE_ID, NOM) VALUES (85, 'Pierre d\'âme pleine');
INSERT INTO ITEM_TYPE (TYPE_ID, NOM) VALUES (87, 'Parchemin de recherche');
INSERT INTO ITEM_TYPE (TYPE_ID, NOM) VALUES (88, 'Pierre magique');
INSERT INTO ITEM_TYPE (TYPE_ID, NOM) VALUES (89, 'Cadeau');
INSERT INTO ITEM_TYPE (TYPE_ID, NOM) VALUES (93, 'Objet d\'élevage');
INSERT INTO ITEM_TYPE (TYPE_ID, NOM) VALUES (94, 'Objet utilisable');
INSERT INTO ITEM_TYPE (TYPE_ID, NOM) VALUES (95, 'Planche');
INSERT INTO ITEM_TYPE (TYPE_ID, NOM) VALUES (96, 'Écorce');
INSERT INTO ITEM_TYPE (TYPE_ID, NOM) VALUES (97, 'Certificat de Dragodinde');
INSERT INTO ITEM_TYPE (TYPE_ID, NOM) VALUES (98, 'Racine');
INSERT INTO ITEM_TYPE (TYPE_ID, NOM) VALUES (99, 'Filet de capture');
INSERT INTO ITEM_TYPE (TYPE_ID, NOM) VALUES (100, 'Sac de ressources');
INSERT INTO ITEM_TYPE (TYPE_ID, NOM) VALUES (103, 'Patte');
INSERT INTO ITEM_TYPE (TYPE_ID, NOM) VALUES (104, 'Aile');
INSERT INTO ITEM_TYPE (TYPE_ID, NOM) VALUES (105, 'Œuf');
INSERT INTO ITEM_TYPE (TYPE_ID, NOM) VALUES (106, 'Oreille');
INSERT INTO ITEM_TYPE (TYPE_ID, NOM) VALUES (107, 'Carapace');
INSERT INTO ITEM_TYPE (TYPE_ID, NOM) VALUES (108, 'Bourgeon');
INSERT INTO ITEM_TYPE (TYPE_ID, NOM) VALUES (109, 'Œil');
INSERT INTO ITEM_TYPE (TYPE_ID, NOM) VALUES (110, 'Gelée');
INSERT INTO ITEM_TYPE (TYPE_ID, NOM) VALUES (111, 'Coquille');
INSERT INTO ITEM_TYPE (TYPE_ID, NOM) VALUES (112, 'Prisme');
INSERT INTO ITEM_TYPE (TYPE_ID, NOM) VALUES (113, 'Objet vivant');
INSERT INTO ITEM_TYPE (TYPE_ID, NOM) VALUES (114, 'Arme magique');
INSERT INTO ITEM_TYPE (TYPE_ID, NOM) VALUES (119, 'Champignon');
INSERT INTO ITEM_TYPE (TYPE_ID, NOM) VALUES (121, 'Montilier');
INSERT INTO ITEM_TYPE (TYPE_ID, NOM) VALUES (125, 'Souvenir');
INSERT INTO ITEM_TYPE (TYPE_ID, NOM) VALUES (126, 'Quêtes principales');
INSERT INTO ITEM_TYPE (TYPE_ID, NOM) VALUES (129, 'Alignement');
INSERT INTO ITEM_TYPE (TYPE_ID, NOM) VALUES (131, 'Événements');
INSERT INTO ITEM_TYPE (TYPE_ID, NOM) VALUES (132, 'Archipel de Vulkania');
INSERT INTO ITEM_TYPE (TYPE_ID, NOM) VALUES (133, 'Astrub');
INSERT INTO ITEM_TYPE (TYPE_ID, NOM) VALUES (136, 'Camps des Bworks et des Gobelins');
INSERT INTO ITEM_TYPE (TYPE_ID, NOM) VALUES (137, 'Cania');
INSERT INTO ITEM_TYPE (TYPE_ID, NOM) VALUES (139, 'Île de Frigost');
INSERT INTO ITEM_TYPE (TYPE_ID, NOM) VALUES (140, 'Île d\'Otomaï');
INSERT INTO ITEM_TYPE (TYPE_ID, NOM) VALUES (141, 'Île de Nowel');
INSERT INTO ITEM_TYPE (TYPE_ID, NOM) VALUES (142, 'Incarnam');
INSERT INTO ITEM_TYPE (TYPE_ID, NOM) VALUES (143, 'Montagne des Koalaks');
INSERT INTO ITEM_TYPE (TYPE_ID, NOM) VALUES (144, 'Pandala');
INSERT INTO ITEM_TYPE (TYPE_ID, NOM) VALUES (146, 'Royaume d\'Amakna');
INSERT INTO ITEM_TYPE (TYPE_ID, NOM) VALUES (147, 'Krosmoz');
INSERT INTO ITEM_TYPE (TYPE_ID, NOM) VALUES (148, 'Jetons');
INSERT INTO ITEM_TYPE (TYPE_ID, NOM) VALUES (149, 'Île de Moon');
INSERT INTO ITEM_TYPE (TYPE_ID, NOM) VALUES (150, 'Îles des Wabbits');
INSERT INTO ITEM_TYPE (TYPE_ID, NOM) VALUES (151, 'Trophée');
INSERT INTO ITEM_TYPE (TYPE_ID, NOM) VALUES (152, 'Galet');
INSERT INTO ITEM_TYPE (TYPE_ID, NOM) VALUES (153, 'Nowel');
INSERT INTO ITEM_TYPE (TYPE_ID, NOM) VALUES (154, 'Emballage');
INSERT INTO ITEM_TYPE (TYPE_ID, NOM) VALUES (155, 'Sufokia');
INSERT INTO ITEM_TYPE (TYPE_ID, NOM) VALUES (156, 'Almanax');
INSERT INTO ITEM_TYPE (TYPE_ID, NOM) VALUES (157, 'Figurine');
INSERT INTO ITEM_TYPE (TYPE_ID, NOM) VALUES (164, 'Vêtement');
INSERT INTO ITEM_TYPE (TYPE_ID, NOM) VALUES (165, 'Potion de conquête');
INSERT INTO ITEM_TYPE (TYPE_ID, NOM) VALUES (166, 'Mimibiote');
INSERT INTO ITEM_TYPE (TYPE_ID, NOM) VALUES (167, 'Essence de gardien de donjon');
INSERT INTO ITEM_TYPE (TYPE_ID, NOM) VALUES (168, 'Justiciers');
INSERT INTO ITEM_TYPE (TYPE_ID, NOM) VALUES (169, 'Compagnon');
INSERT INTO ITEM_TYPE (TYPE_ID, NOM) VALUES (171, 'Dimensions Divines');
INSERT INTO ITEM_TYPE (TYPE_ID, NOM) VALUES (172, 'Coffre');
INSERT INTO ITEM_TYPE (TYPE_ID, NOM) VALUES (173, 'Parchemin d\'attitude');
INSERT INTO ITEM_TYPE (TYPE_ID, NOM) VALUES (174, 'Carte');
INSERT INTO ITEM_TYPE (TYPE_ID, NOM) VALUES (175, 'Fragment de carte');
INSERT INTO ITEM_TYPE (TYPE_ID, NOM) VALUES (176, 'Boîte de fragments');
INSERT INTO ITEM_TYPE (TYPE_ID, NOM) VALUES (179, 'Préparation');
INSERT INTO ITEM_TYPE (TYPE_ID, NOM) VALUES (183, 'Substrat');
INSERT INTO ITEM_TYPE (TYPE_ID, NOM) VALUES (184, 'Conteneur');
INSERT INTO ITEM_TYPE (TYPE_ID, NOM) VALUES (185, 'Sève');
INSERT INTO ITEM_TYPE (TYPE_ID, NOM) VALUES (187, 'Viande primitive');
INSERT INTO ITEM_TYPE (TYPE_ID, NOM) VALUES (188, 'Parchemin d\'émoticônes');
INSERT INTO ITEM_TYPE (TYPE_ID, NOM) VALUES (189, 'Orbe de forgemagie');
INSERT INTO ITEM_TYPE (TYPE_ID, NOM) VALUES (190, 'Harnachements de Dragodinde');
INSERT INTO ITEM_TYPE (TYPE_ID, NOM) VALUES (195, 'Matériel d\'exploration');
INSERT INTO ITEM_TYPE (TYPE_ID, NOM) VALUES (196, 'Certificat de Muldo');
INSERT INTO ITEM_TYPE (TYPE_ID, NOM) VALUES (197, 'Caution');
INSERT INTO ITEM_TYPE (TYPE_ID, NOM) VALUES (198, 'Saharach');
INSERT INTO ITEM_TYPE (TYPE_ID, NOM) VALUES (199, 'Costume');
INSERT INTO ITEM_TYPE (TYPE_ID, NOM) VALUES (200, 'Parchemin de titre');
INSERT INTO ITEM_TYPE (TYPE_ID, NOM) VALUES (201, 'Nimotopia');
INSERT INTO ITEM_TYPE (TYPE_ID, NOM) VALUES (202, 'Sidimote');
INSERT INTO ITEM_TYPE (TYPE_ID, NOM) VALUES (205, 'Tours de la Fratrie');
INSERT INTO ITEM_TYPE (TYPE_ID, NOM) VALUES (206, 'Potion de monture');
INSERT INTO ITEM_TYPE (TYPE_ID, NOM) VALUES (207, 'Certificat de Volkorne');
INSERT INTO ITEM_TYPE (TYPE_ID, NOM) VALUES (209, 'Nourriture pour familier');
INSERT INTO ITEM_TYPE (TYPE_ID, NOM) VALUES (211, 'Rune de transcendance');
INSERT INTO ITEM_TYPE (TYPE_ID, NOM) VALUES (213, 'Île de Pwâk');
INSERT INTO ITEM_TYPE (TYPE_ID, NOM) VALUES (214, 'Potion d\'attitude');
INSERT INTO ITEM_TYPE (TYPE_ID, NOM) VALUES (215, 'Archipel des Écailles');
INSERT INTO ITEM_TYPE (TYPE_ID, NOM) VALUES (216, 'Bourse');
INSERT INTO ITEM_TYPE (TYPE_ID, NOM) VALUES (217, 'Prysmaradite');
INSERT INTO ITEM_TYPE (TYPE_ID, NOM) VALUES (218, 'Popoche de Havre-Sac');
INSERT INTO ITEM_TYPE (TYPE_ID, NOM) VALUES (219, 'Ressources des Songes');
INSERT INTO ITEM_TYPE (TYPE_ID, NOM) VALUES (220, 'Eliocalypse');
INSERT INTO ITEM_TYPE (TYPE_ID, NOM) VALUES (222, 'Parchemin d\'ornement');
INSERT INTO ITEM_TYPE (TYPE_ID, NOM) VALUES (225, 'Temporis');
INSERT INTO ITEM_TYPE (TYPE_ID, NOM) VALUES (226, 'Objet utilisable de Temporis');
INSERT INTO ITEM_TYPE (TYPE_ID, NOM) VALUES (228, 'Liquide');
INSERT INTO ITEM_TYPE (TYPE_ID, NOM) VALUES (229, 'Ressource de combat');
INSERT INTO ITEM_TYPE (TYPE_ID, NOM) VALUES (231, 'Rabmablague');
INSERT INTO ITEM_TYPE (TYPE_ID, NOM) VALUES (232, 'Haïku');
INSERT INTO ITEM_TYPE (TYPE_ID, NOM) VALUES (233, 'Rune astrale');
INSERT INTO ITEM_TYPE (TYPE_ID, NOM) VALUES (236, 'Mots de haïku');
INSERT INTO ITEM_TYPE (TYPE_ID, NOM) VALUES (241, 'Ressources de Temporis');
INSERT INTO ITEM_TYPE (TYPE_ID, NOM) VALUES (242, 'Atoll des Possédés');
INSERT INTO ITEM_TYPE (TYPE_ID, NOM) VALUES (245, 'Ressources obsolètes');
INSERT INTO ITEM_TYPE (TYPE_ID, NOM) VALUES (246, 'Chapeau d\'apparat');
INSERT INTO ITEM_TYPE (TYPE_ID, NOM) VALUES (247, 'Cape d\'apparat');
INSERT INTO ITEM_TYPE (TYPE_ID, NOM) VALUES (248, 'Bouclier d\'apparat');
INSERT INTO ITEM_TYPE (TYPE_ID, NOM) VALUES (249, 'Familier d\'apparat');
INSERT INTO ITEM_TYPE (TYPE_ID, NOM) VALUES (250, 'Montilier d\'apparat');
INSERT INTO ITEM_TYPE (TYPE_ID, NOM) VALUES (251, 'Arme d\'apparat');
INSERT INTO ITEM_TYPE (TYPE_ID, NOM) VALUES (252, 'Objet d\'apparat divers');
INSERT INTO ITEM_TYPE (TYPE_ID, NOM) VALUES (253, 'Cauchemar des Ravageurs');
INSERT INTO ITEM_TYPE (TYPE_ID, NOM) VALUES (254, 'Bonta & Brakmar');
INSERT INTO ITEM_TYPE (TYPE_ID, NOM) VALUES (255, 'Harnachements de Muldo');
INSERT INTO ITEM_TYPE (TYPE_ID, NOM) VALUES (256, 'Harnachements de Volkorne');
INSERT INTO ITEM_TYPE (TYPE_ID, NOM) VALUES (258, 'Gravure de forgemagie');
INSERT INTO ITEM_TYPE (TYPE_ID, NOM) VALUES (259, 'Bouataklône');
INSERT INTO ITEM_TYPE (TYPE_ID, NOM) VALUES (260, 'Forêt Maléfique');
INSERT INTO ITEM_TYPE (TYPE_ID, NOM) VALUES (262, 'Matériel de mégaltération');
INSERT INTO ITEM_TYPE (TYPE_ID, NOM) VALUES (265, 'Badge');
INSERT INTO ITEM_TYPE (TYPE_ID, NOM) VALUES (266, 'Ressources des Anomalies Temporelles');
INSERT INTO ITEM_TYPE (TYPE_ID, NOM) VALUES (268, 'Expéditions');
INSERT INTO ITEM_TYPE (TYPE_ID, NOM) VALUES (271, 'Lance');
INSERT INTO ITEM_TYPE (TYPE_ID, NOM) VALUES (272, 'Archipel de Valonia');
INSERT INTO ITEM_TYPE (TYPE_ID, NOM) VALUES (273, 'Fers de Percepteur');
INSERT INTO ITEM_TYPE (TYPE_ID, NOM) VALUES (274, 'Cuirasses de Percepteur');
INSERT INTO ITEM_TYPE (TYPE_ID, NOM) VALUES (275, 'Bannière de Percepteur');
INSERT INTO ITEM_TYPE (TYPE_ID, NOM) VALUES (276, 'Poignards de Percepteur');
INSERT INTO ITEM_TYPE (TYPE_ID, NOM) VALUES (277, 'Tunique de Percepteur');
INSERT INTO ITEM_TYPE (TYPE_ID, NOM) VALUES (278, 'Ressources de Percepteur');
INSERT INTO ITEM_TYPE (TYPE_ID, NOM) VALUES (279, 'Coffres de Percepteur');
INSERT INTO ITEM_TYPE (TYPE_ID, NOM) VALUES (280, 'Sacoches de Percepteur');

-- METIER
INSERT INTO METIER (METIER_ID, TYPE_ID) VALUES (1, "Alchimiste");
INSERT INTO METIER (METIER_ID, TYPE_ID) VALUES (2, "Bijoutier");
INSERT INTO METIER (METIER_ID, TYPE_ID) VALUES (3, "Bricoleur");
INSERT INTO METIER (METIER_ID, TYPE_ID) VALUES (4, "Bûcheron");
INSERT INTO METIER (METIER_ID, TYPE_ID) VALUES (5, "Chasseur");
INSERT INTO METIER (METIER_ID, TYPE_ID) VALUES (6, "Cordonnier");
INSERT INTO METIER (METIER_ID, TYPE_ID) VALUES (7, "Façonneur");
INSERT INTO METIER (METIER_ID, TYPE_ID) VALUES (8, "Forgeron");
INSERT INTO METIER (METIER_ID, TYPE_ID) VALUES (9, "Mineur");
INSERT INTO METIER (METIER_ID, TYPE_ID) VALUES (10, "Paysan");
INSERT INTO METIER (METIER_ID, TYPE_ID) VALUES (11, "Pêcheur");
INSERT INTO METIER (METIER_ID, TYPE_ID) VALUES (12, "Sculpteur");
INSERT INTO METIER (METIER_ID, TYPE_ID) VALUES (13, "Tailleur");

-- METIER_PEUT_CRAFT
INSERT INTO METIER_PEUT_CRAFT (METIER_ID, TYPE_ID) VALUES (1, 167);
INSERT INTO METIER_PEUT_CRAFT (METIER_ID, TYPE_ID) VALUES (1, 71);
INSERT INTO METIER_PEUT_CRAFT (METIER_ID, TYPE_ID) VALUES (1, 12);
INSERT INTO METIER_PEUT_CRAFT (METIER_ID, TYPE_ID) VALUES (1, 165);
INSERT INTO METIER_PEUT_CRAFT (METIER_ID, TYPE_ID) VALUES (1, 26);
INSERT INTO METIER_PEUT_CRAFT (METIER_ID, TYPE_ID) VALUES (1, 43);
INSERT INTO METIER_PEUT_CRAFT (METIER_ID, TYPE_ID) VALUES (1, 179);
INSERT INTO METIER_PEUT_CRAFT (METIER_ID, TYPE_ID) VALUES (1, 70);
INSERT INTO METIER_PEUT_CRAFT (METIER_ID, TYPE_ID) VALUES (2, 1);
INSERT INTO METIER_PEUT_CRAFT (METIER_ID, TYPE_ID) VALUES (2, 9);
INSERT INTO METIER_PEUT_CRAFT (METIER_ID, TYPE_ID) VALUES (2, 273);
INSERT INTO METIER_PEUT_CRAFT (METIER_ID, TYPE_ID) VALUES (3, 84);
INSERT INTO METIER_PEUT_CRAFT (METIER_ID, TYPE_ID) VALUES (3, 279);
INSERT INTO METIER_PEUT_CRAFT (METIER_ID, TYPE_ID) VALUES (3, 99);
INSERT INTO METIER_PEUT_CRAFT (METIER_ID, TYPE_ID) VALUES (3, 255);
INSERT INTO METIER_PEUT_CRAFT (METIER_ID, TYPE_ID) VALUES (3, 93);
INSERT INTO METIER_PEUT_CRAFT (METIER_ID, TYPE_ID) VALUES (3, 87);
INSERT INTO METIER_PEUT_CRAFT (METIER_ID, TYPE_ID) VALUES (3, 112);

-- NIVEAU_METIER (Tout a 0)
-- STAT